cluster,n,pct_yes,pct_no,pct_ct,n_actor,n_action,n_effect,n_evidence,n_victim,total_m,hedge,cert,vague,p1sg,p1pl,p3rd,moral,log_wc,name
0,143,44.75524475524475,40.55944055944056,14.685314685314685,4.111888111888112,1.965034965034965,1.5174825174825175,1.118881118881119,1.2237762237762237,9.937062937062937,1.3309782343863779,0.5404483563671632,0.7469561505792409,1.1464377438865754,0.8691812964440029,0.8857939154570001,1.2365969715946348,4.605168336255625,Hedged Believer
1,290,47.58620689655172,31.724137931034484,20.689655172413794,1.8206896551724139,1.5206896551724138,1.0172413793103448,1.0655172413793104,1.3103448275862069,6.73448275862069,0.962465491126555,0.9008377474244584,1.5431981718955916,1.2540510944955638,0.6357170777221617,2.8272166364843976,0.0,4.3580295317275715,Pseudo-Researcher
2,951,43.53312302839117,37.013669821240796,19.453207150368033,1.7907465825446898,1.2576235541535226,0.9758149316508938,1.0115667718191377,0.8580441640378549,5.893796004206099,0.0,1.092283969978181,0.5681196471072499,2.5679549348088506,0.8483205682929985,0.5681196471072499,0.0,4.1370546229140235,Pseudo-Researcher (1)
3,717,4.184100418410042,75.73221757322176,20.0836820083682,0.12273361227336123,0.12273361227336123,0.0,0.0,0.0,0.24546722454672246,0.4895119498226665,0.4527464707118808,0.5505461893149651,1.6211980332497151,0.7623207967474946,0.8422888725366837,0.0,4.141515835298769,Paranoid Victim
4,418,43.7799043062201,41.38755980861244,14.832535885167463,1.332535885167464,1.2057416267942584,0.9234449760765551,0.8421052631578947,0.8971291866028708,5.2009569377990434,0.0,0.6748408937588107,0.7383836609134468,0.7793306981137601,0.7470656254906914,1.0822174408379932,1.755599952848137,4.213713947628584,Propagandist
5,1170,37.69230769230769,45.72649572649573,16.58119658119658,1.6444444444444444,1.2957264957264958,1.0085470085470085,1.0042735042735043,0.8495726495726496,5.802564102564102,0.0,0.0,0.6659359415270067,0.0,0.8537093241638193,0.9568489958935482,0.0,4.021189486118128,Pseudo-Researcher (2)
6,627,43.22169059011164,37.79904306220095,18.9792663476874,1.6395534290271132,1.2998405103668262,1.1690590111642742,1.1100478468899522,0.9170653907496013,6.1355661881977674,1.9055861920604502,0.531718261587401,0.35446104832226066,1.2458572034040165,0.639802081887659,0.35446104832226066,0.0,4.315628696883004,Pseudo-Researcher (3)
